notebook_path,relative_notebook_path,tracked_in_git,modified_vs_head_before_audit,head_cell_count,current_cell_count,cell_count_delta,head_function_defs,current_function_defs,function_def_delta,exact_source_cells_added,exact_source_cells_removed,exact_source_cells_moved,functions_moved_earlier_vs_head,git_insertions,git_deletions
D:\Benjamin Data\Introduction to AI\Intro-to-AI\Training\Model Variants\Analysis\Feature_Analysis_PCA_MFCC.ipynb,Training/Model Variants/Analysis/Feature_Analysis_PCA_MFCC.ipynb,True,True,57,54,-3,6,6,0,0,3,0,,0,243
D:\Benjamin Data\Introduction to AI\Intro-to-AI\Training\Model Variants\Decision Trees\Random_Forest\Random_Forest_Baseline.ipynb,Training/Model Variants/Decision Trees/Random_Forest/Random_Forest_Baseline.ipynb,True,True,62,59,-3,6,6,0,0,3,0,,332,568
D:\Benjamin Data\Introduction to AI\Intro-to-AI\Training\Model Variants\Decision Trees\Random_Forest\Random_Forest_Final_Selected_Model.ipynb,Training/Model Variants/Decision Trees/Random_Forest/Random_Forest_Final_Selected_Model.ipynb,True,True,62,59,-3,6,6,0,0,3,0,,328,564
D:\Benjamin Data\Introduction to AI\Intro-to-AI\Training\Model Variants\Regression\Logistic_Regression\Log_Regression_Baseline.ipynb,Training/Model Variants/Regression/Logistic_Regression/Log_Regression_Baseline.ipynb,True,True,61,58,-3,6,6,0,0,3,0,,3248,1
D:\Benjamin Data\Introduction to AI\Intro-to-AI\Training\Model Variants\Regression\Logistic_Regression\Log_Regression_Final_Selected_Model.ipynb,Training/Model Variants/Regression/Logistic_Regression/Log_Regression_Final_Selected_Model.ipynb,True,True,61,58,-3,6,6,0,0,3,0,,3241,1
D:\Benjamin Data\Introduction to AI\Intro-to-AI\Training\Model Variants\Support Vector Machine\SupportVectorMachine_Baseline.ipynb,Training/Model Variants/Support Vector Machine/SupportVectorMachine_Baseline.ipynb,True,True,61,58,-3,8,8,0,0,3,0,,257,324
D:\Benjamin Data\Introduction to AI\Intro-to-AI\Training\Model Variants\Support Vector Machine\SupportVectorMachine_C_Trial.ipynb,Training/Model Variants/Support Vector Machine/SupportVectorMachine_C_Trial.ipynb,True,True,16,14,-2,4,4,0,0,2,0,,851,1
D:\Benjamin Data\Introduction to AI\Intro-to-AI\Training\Model Variants\Support Vector Machine\SupportVectorMachine_Class_Weight_Trial.ipynb,Training/Model Variants/Support Vector Machine/SupportVectorMachine_Class_Weight_Trial.ipynb,True,True,16,14,-2,4,4,0,0,2,0,,803,1
D:\Benjamin Data\Introduction to AI\Intro-to-AI\Training\Model Variants\Support Vector Machine\SupportVectorMachine_Data_Preparation.ipynb,Training/Model Variants/Support Vector Machine/SupportVectorMachine_Data_Preparation.ipynb,True,True,12,10,-2,8,8,0,0,2,0,,35,384
D:\Benjamin Data\Introduction to AI\Intro-to-AI\Training\Model Variants\Support Vector Machine\SupportVectorMachine_Final_Selected_Model.ipynb,Training/Model Variants/Support Vector Machine/SupportVectorMachine_Final_Selected_Model.ipynb,True,True,20,18,-2,4,4,0,0,2,0,,1004,1
D:\Benjamin Data\Introduction to AI\Intro-to-AI\Training\Model Variants\Support Vector Machine\SupportVectorMachine_Gamma_Trial.ipynb,Training/Model Variants/Support Vector Machine/SupportVectorMachine_Gamma_Trial.ipynb,True,True,16,14,-2,4,4,0,0,2,0,,883,1
D:\Benjamin Data\Introduction to AI\Intro-to-AI\Training\Model Variants\Support Vector Machine\SupportVectorMachine_Kernel_Trial.ipynb,Training/Model Variants/Support Vector Machine/SupportVectorMachine_Kernel_Trial.ipynb,True,True,16,14,-2,4,4,0,0,2,0,,835,1
D:\Benjamin Data\Introduction to AI\Intro-to-AI\Training\Download Dataset Script.ipynb,Training/Download Dataset Script.ipynb,True,False,25,25,0,1,1,0,0,0,0,,,
D:\Benjamin Data\Introduction to AI\Intro-to-AI\Training\Model Variants\Analysis\Dataset_Sample_Rate.ipynb,Training/Model Variants/Analysis/Dataset_Sample_Rate.ipynb,True,False,17,17,0,7,7,0,0,0,0,,,
D:\Benjamin Data\Introduction to AI\Intro-to-AI\Training\Model Variants\Analysis\Feature_Importance_MFCC.ipynb,Training/Model Variants/Analysis/Feature_Importance_MFCC.ipynb,True,False,17,17,0,4,4,0,0,0,0,,,
D:\Benjamin Data\Introduction to AI\Intro-to-AI\Training\Model Variants\Analysis\MLAAD_Scan_MFCC_Analysis_cache.ipynb,Training/Model Variants/Analysis/MLAAD_Scan_MFCC_Analysis_cache.ipynb,True,False,41,41,0,5,5,0,0,0,0,,,
D:\Benjamin Data\Introduction to AI\Intro-to-AI\Training\Model Variants\Boost\XGBoost\XGBoost_Baseline.ipynb,Training/Model Variants/Boost/XGBoost/XGBoost_Baseline.ipynb,True,False,57,57,0,6,6,0,0,0,0,,,
D:\Benjamin Data\Introduction to AI\Intro-to-AI\Training\Model Variants\Boost\XGBoost\XGBoost_ColsampleBytree_Trial.ipynb,Training/Model Variants/Boost/XGBoost/XGBoost_ColsampleBytree_Trial.ipynb,True,False,20,20,0,4,4,0,0,0,0,,,
D:\Benjamin Data\Introduction to AI\Intro-to-AI\Training\Model Variants\Boost\XGBoost\XGBoost_Final_Selected_Model.ipynb,Training/Model Variants/Boost/XGBoost/XGBoost_Final_Selected_Model.ipynb,True,False,34,34,0,4,4,0,0,0,0,,,
D:\Benjamin Data\Introduction to AI\Intro-to-AI\Training\Model Variants\Boost\XGBoost\XGBoost_LearningRate_Trial.ipynb,Training/Model Variants/Boost/XGBoost/XGBoost_LearningRate_Trial.ipynb,True,False,43,43,0,6,6,0,0,0,0,,,
D:\Benjamin Data\Introduction to AI\Intro-to-AI\Training\Model Variants\Boost\XGBoost\XGBoost_MaxDepth_Trial.ipynb,Training/Model Variants/Boost/XGBoost/XGBoost_MaxDepth_Trial.ipynb,True,False,44,44,0,6,6,0,0,0,0,,,
D:\Benjamin Data\Introduction to AI\Intro-to-AI\Training\Model Variants\Boost\XGBoost\XGBoost_NEstimators_Trial.ipynb,Training/Model Variants/Boost/XGBoost/XGBoost_NEstimators_Trial.ipynb,True,False,45,45,0,6,6,0,0,0,0,,,
D:\Benjamin Data\Introduction to AI\Intro-to-AI\Training\Model Variants\Boost\XGBoost\XGBoost_Subsample_Trial.ipynb,Training/Model Variants/Boost/XGBoost/XGBoost_Subsample_Trial.ipynb,True,False,21,21,0,4,4,0,0,0,0,,,
D:\Benjamin Data\Introduction to AI\Intro-to-AI\Training\Model Variants\Boost\XGBoost\XGBoost_Trial_Comparison.ipynb,Training/Model Variants/Boost/XGBoost/XGBoost_Trial_Comparison.ipynb,True,False,3,3,0,2,2,0,0,0,0,,,
D:\Benjamin Data\Introduction to AI\Intro-to-AI\Training\Model Variants\Decision Trees\Random_Forest\Random_Forest_MaxDepth_Trial.ipynb,Training/Model Variants/Decision Trees/Random_Forest/Random_Forest_MaxDepth_Trial.ipynb,True,False,46,46,0,6,6,0,0,0,0,,,
D:\Benjamin Data\Introduction to AI\Intro-to-AI\Training\Model Variants\Decision Trees\Random_Forest\Random_Forest_MaxFeatures_Trial.ipynb,Training/Model Variants/Decision Trees/Random_Forest/Random_Forest_MaxFeatures_Trial.ipynb,True,False,46,46,0,6,6,0,0,0,0,,,
D:\Benjamin Data\Introduction to AI\Intro-to-AI\Training\Model Variants\Decision Trees\Random_Forest\Random_Forest_MinSamplesLeaf_Trial.ipynb,Training/Model Variants/Decision Trees/Random_Forest/Random_Forest_MinSamplesLeaf_Trial.ipynb,True,False,46,46,0,6,6,0,0,0,0,,,
D:\Benjamin Data\Introduction to AI\Intro-to-AI\Training\Model Variants\Decision Trees\Random_Forest\Random_Forest_MinSamplesSplit_Trial.ipynb,Training/Model Variants/Decision Trees/Random_Forest/Random_Forest_MinSamplesSplit_Trial.ipynb,True,False,46,46,0,6,6,0,0,0,0,,,
D:\Benjamin Data\Introduction to AI\Intro-to-AI\Training\Model Variants\Decision Trees\Random_Forest\Random_Forest_NEstimators_Trial.ipynb,Training/Model Variants/Decision Trees/Random_Forest/Random_Forest_NEstimators_Trial.ipynb,True,False,46,46,0,6,6,0,0,0,0,,,
D:\Benjamin Data\Introduction to AI\Intro-to-AI\Training\Model Variants\Decision Trees\Random_Forest\Random_Forest_Trial_Comparison.ipynb,Training/Model Variants/Decision Trees/Random_Forest/Random_Forest_Trial_Comparison.ipynb,True,False,3,3,0,0,0,0,0,0,0,,,
D:\Benjamin Data\Introduction to AI\Intro-to-AI\Training\Model Variants\Neural Networks\CNN\CNN_Baseline.ipynb,Training/Model Variants/Neural Networks/CNN/CNN_Baseline.ipynb,True,False,12,12,0,15,15,0,0,0,0,,,
D:\Benjamin Data\Introduction to AI\Intro-to-AI\Training\Model Variants\Neural Networks\CNN\CNN_Controlled_Trial_Comparison.ipynb,Training/Model Variants/Neural Networks/CNN/CNN_Controlled_Trial_Comparison.ipynb,True,False,6,6,0,10,10,0,0,0,0,,,
D:\Benjamin Data\Introduction to AI\Intro-to-AI\Training\Model Variants\Neural Networks\CNN\CNN_Data_Preparation.ipynb,Training/Model Variants/Neural Networks/CNN/CNN_Data_Preparation.ipynb,True,False,12,12,0,11,11,0,0,0,0,,,
D:\Benjamin Data\Introduction to AI\Intro-to-AI\Training\Model Variants\Neural Networks\CNN\CNN_Dense_Units_Trial.ipynb,Training/Model Variants/Neural Networks/CNN/CNN_Dense_Units_Trial.ipynb,True,False,12,12,0,21,21,0,0,0,0,,,
D:\Benjamin Data\Introduction to AI\Intro-to-AI\Training\Model Variants\Neural Networks\CNN\CNN_Dropout_Regularisation_Trial.ipynb,Training/Model Variants/Neural Networks/CNN/CNN_Dropout_Regularisation_Trial.ipynb,True,False,12,12,0,21,21,0,0,0,0,,,
D:\Benjamin Data\Introduction to AI\Intro-to-AI\Training\Model Variants\Neural Networks\CNN\CNN_Filter_Architecture_Trial.ipynb,Training/Model Variants/Neural Networks/CNN/CNN_Filter_Architecture_Trial.ipynb,True,False,12,12,0,21,21,0,0,0,0,,,
D:\Benjamin Data\Introduction to AI\Intro-to-AI\Training\Model Variants\Neural Networks\CNN\CNN_Final_Selected_Model.ipynb,Training/Model Variants/Neural Networks/CNN/CNN_Final_Selected_Model.ipynb,True,False,10,10,0,16,16,0,0,0,0,,,
D:\Benjamin Data\Introduction to AI\Intro-to-AI\Training\Model Variants\Neural Networks\CNN\CNN_Genetic_Algorithm.ipynb,Training/Model Variants/Neural Networks/CNN/CNN_Genetic_Algorithm.ipynb,True,False,11,11,0,20,20,0,0,0,0,,,
D:\Benjamin Data\Introduction to AI\Intro-to-AI\Training\Model Variants\Neural Networks\CNN\CNN_HPO_Comparison.ipynb,Training/Model Variants/Neural Networks/CNN/CNN_HPO_Comparison.ipynb,True,False,14,14,0,21,21,0,0,0,0,,,
D:\Benjamin Data\Introduction to AI\Intro-to-AI\Training\Model Variants\Neural Networks\CNN\CNN_Kernel_Size_Trial.ipynb,Training/Model Variants/Neural Networks/CNN/CNN_Kernel_Size_Trial.ipynb,True,False,12,12,0,21,21,0,0,0,0,,,
D:\Benjamin Data\Introduction to AI\Intro-to-AI\Training\Model Variants\Neural Networks\CNN\CNN_LearningRate_BatchSize_Trial.ipynb,Training/Model Variants/Neural Networks/CNN/CNN_LearningRate_BatchSize_Trial.ipynb,True,False,10,10,0,19,19,0,0,0,0,,,
D:\Benjamin Data\Introduction to AI\Intro-to-AI\Training\Model Variants\Neural Networks\CNN\CNN_Random_Search.ipynb,Training/Model Variants/Neural Networks/CNN/CNN_Random_Search.ipynb,True,False,10,10,0,17,17,0,0,0,0,,,
D:\Benjamin Data\Introduction to AI\Intro-to-AI\Training\Model Variants\Neural Networks\MLP\MLP_Activation_Trial.ipynb,Training/Model Variants/Neural Networks/MLP/MLP_Activation_Trial.ipynb,True,False,14,14,0,20,20,0,0,0,0,,,
D:\Benjamin Data\Introduction to AI\Intro-to-AI\Training\Model Variants\Neural Networks\MLP\MLP_Architecture_Trial.ipynb,Training/Model Variants/Neural Networks/MLP/MLP_Architecture_Trial.ipynb,True,False,14,14,0,20,20,0,0,0,0,,,
D:\Benjamin Data\Introduction to AI\Intro-to-AI\Training\Model Variants\Neural Networks\MLP\MLP_Baseline.ipynb,Training/Model Variants/Neural Networks/MLP/MLP_Baseline.ipynb,True,False,12,12,0,15,15,0,0,0,0,,,
D:\Benjamin Data\Introduction to AI\Intro-to-AI\Training\Model Variants\Neural Networks\MLP\MLP_Controlled_Trial_Comparison.ipynb,Training/Model Variants/Neural Networks/MLP/MLP_Controlled_Trial_Comparison.ipynb,True,False,8,8,0,10,10,0,0,0,0,,,
D:\Benjamin Data\Introduction to AI\Intro-to-AI\Training\Model Variants\Neural Networks\MLP\MLP_Dropout_Regularisation_Trial.ipynb,Training/Model Variants/Neural Networks/MLP/MLP_Dropout_Regularisation_Trial.ipynb,True,False,14,14,0,20,20,0,0,0,0,,,
D:\Benjamin Data\Introduction to AI\Intro-to-AI\Training\Model Variants\Neural Networks\MLP\MLP_Final_Selected_Model.ipynb,Training/Model Variants/Neural Networks/MLP/MLP_Final_Selected_Model.ipynb,True,False,12,12,0,16,16,0,0,0,0,,,
D:\Benjamin Data\Introduction to AI\Intro-to-AI\Training\Model Variants\Neural Networks\MLP\MLP_Genetic_Algorithm.ipynb,Training/Model Variants/Neural Networks/MLP/MLP_Genetic_Algorithm.ipynb,True,False,12,12,0,20,20,0,0,0,0,,,
D:\Benjamin Data\Introduction to AI\Intro-to-AI\Training\Model Variants\Neural Networks\MLP\MLP_HPO_Comparison.ipynb,Training/Model Variants/Neural Networks/MLP/MLP_HPO_Comparison.ipynb,True,False,16,16,0,21,21,0,0,0,0,,,
D:\Benjamin Data\Introduction to AI\Intro-to-AI\Training\Model Variants\Neural Networks\MLP\MLP_LearningRate_BatchSize_Trial.ipynb,Training/Model Variants/Neural Networks/MLP/MLP_LearningRate_BatchSize_Trial.ipynb,True,False,12,12,0,19,19,0,0,0,0,,,
D:\Benjamin Data\Introduction to AI\Intro-to-AI\Training\Model Variants\Regression\Logistic_Regression\Log_Regression_C_Trial.ipynb,Training/Model Variants/Regression/Logistic_Regression/Log_Regression_C_Trial.ipynb,True,False,45,45,0,6,6,0,0,0,0,,,
D:\Benjamin Data\Introduction to AI\Intro-to-AI\Training\Model Variants\Regression\Logistic_Regression\Log_Regression_ClassWeight_Trial.ipynb,Training/Model Variants/Regression/Logistic_Regression/Log_Regression_ClassWeight_Trial.ipynb,True,False,45,45,0,6,6,0,0,0,0,,,
D:\Benjamin Data\Introduction to AI\Intro-to-AI\Training\Model Variants\Regression\Logistic_Regression\Log_Regression_Penalty_Trial.ipynb,Training/Model Variants/Regression/Logistic_Regression/Log_Regression_Penalty_Trial.ipynb,True,False,45,45,0,6,6,0,0,0,0,,,
D:\Benjamin Data\Introduction to AI\Intro-to-AI\Training\Model Variants\Regression\Logistic_Regression\Log_Regression_Solver_Trial.ipynb,Training/Model Variants/Regression/Logistic_Regression/Log_Regression_Solver_Trial.ipynb,True,False,45,45,0,6,6,0,0,0,0,,,
D:\Benjamin Data\Introduction to AI\Intro-to-AI\Training\Model Variants\Regression\Logistic_Regression\Log_Regression_Trial_Comparison.ipynb,Training/Model Variants/Regression/Logistic_Regression/Log_Regression_Trial_Comparison.ipynb,True,False,3,3,0,0,0,0,0,0,0,,,
D:\Benjamin Data\Introduction to AI\Intro-to-AI\Training\Model Variants\Support Vector Machine\SupportVectorMachine_Trial_Comparison.ipynb,Training/Model Variants/Support Vector Machine/SupportVectorMachine_Trial_Comparison.ipynb,True,False,8,8,0,1,1,0,0,0,0,,,
